"title","description"
"Как посмотреть лимиты счета?","Вы можете посмотреть лимиты по счету на месяц, по карте на месяц и на разовую выплату. Для этого: Откройте раздел «Сводка». В разделе «Счета» найдите нужное вам юридическое лицо и нажмите на него. В открывшемся окне будут представлены все расчетные счета, к которым есть доступ с этого юридического лица. Найдите нужный вам счет."
"Как посмотреть выплаты за определенный период?","Это можно сделать в личном кабинете Jump.Finance: Откройте раздел «Сводка». В разделе «Статистика» над графиком вы можете выбрать период, выплаты за который вас интересуют. Для этого нажмите на один из вариантов: «Неделя», «Месяц», «Квартал», «Год». На графике будет отображаться динамика и сумма всех выплат за выбранный период. Вы также можете установить кастомный период: Нажмите на серый прямоугольник, который находится над графиком. В открывшемся окне выберите интересующий вас период. Нажмите на кнопку «Применить»."
"Как посмотреть список выплат с ошибкой?","Это можно сделать в личном кабинете Jump.Finance: Откройте раздел «Сводка». В открывшемся окне в разделе «Статистика» нажмите на прямоугольник «Выплаты с ошибкой». Как повторить выплату с ошибкой"
"Как посмотреть список выплат, которые ждут подтверждения?","Это можно сделать в личном кабинете Jump.Finance: Откройте раздел «Сводка». В открывшемся окне в разделе «Статистика» нажмите на прямоугольник «Выплаты ждут подтверждения». Как подтвердить выплату"
"Как посмотреть лимиты по филиалам?","В разделе «Сводка» вы можете отслеживать лимиты по всем филиалам: Откройте раздел «Сводка», на странице найдите блок «Лимиты по филиалам». Нажмите на «Показать все». Вы можете смотреть информацию по определенным филиалам, выбрав нужное вам юрлицо. Также вы можете видеть информацию об остатках. Как добавить филиалы Вы можете сделать филиал неактивным. Как отключить или удалить филиал Вы можете редактировать информацию о филиале и его лимитах. Как редактировать филиал"
"Как обратиться в поддержку?","Это можно сделать в личном кабинете Jump.Finance: Войдите в личный кабинет. В открывшемся окне нажмите на синий кружок, расположенный в правом нижнем углу. В открывшемся окне нажмите на «Отправить сообщение». Напишите ваш вопрос и нажмите на голубую стрелку, чтобы отправить сообщение. Ожидайте, скоро наш специалист поможет вам."
"Какие бывают статусы выплат?","Статусы выплат можно посмотреть в личном кабинете Jump.Finance: Статус говорит о том, что выплата была успешно создана и ожидает подтверждения. Из этого раздела вы можете: редактировать выплату ; отменить выплату ; скопировать выплату как новую ; подтвердить и провести выплату. Статус говорит о том, что выплата была подтверждена и готова к проведению. Из этого раздела вы можете: редактировать выплату ; отменить выплату ; скопировать выплату как новую ; подтвердить и провести выплату. Статус говорит о том, что выплата была проведена и находится в обработке у банка. Статус говорит о том, что в выплате была допущена ошибка и она не может быть реализована. Из этого раздела вы можете: редактировать выплату ; отменить выплату ; повторить выплату. Статус говорит о том, что выплата была успешно совершена. Из этого раздела вы можете скопировать выплату как новую. Статус говорит о том, что выплата была отменена. Из этого раздела вы можете скопировать выплату как новую."
"Как создать выплату?","Это можно сделать в личном кабинете Jump.Finance: Войдите в раздел «Выплаты» и нажмите «Создать» в правой части экрана. В открывшемся окне введите номер телефона получателя. Если этому получателю уже осуществлялась выплата, можно ввести его ФИО. Введите ФИО получателя и нажмите кнопку «Далее». В открывшемся окне выберите: юрлицо, с которого будут осуществляться выплаты; филиал (если у юрлица есть филиалы); счет, с которого будет осуществляться списание; тип договора. Введите номер договора и VIN автомобиля. Выберите способ перевода. Если вы выбрали способ перевода «Телефон», то будьте готовы внести информацию о банке, куда будет осуществляться выплата. Если это реквизиты другого человека, то переключите тумблер. Если вы выбрали способ перевода «Карта», будьте готовы внести номер карты: Введите сумму перевода. По необходимости добавьте файлы. Нажмите на кнопку «Создать». Созданная выплата будет ожидать подтверждения. Если вы допустили ошибку, то сможете отредактировать выплату. Как редактировать выплату"
"Как найти нужную выплату?","В личном кабинете на телефоне или компьютере откройте «Выплаты» и используйте фильтры: ФИО или телефон; номер договора или VIN Только для автодилеров ; дата Можно выбрать как день, так и период ; юрлицо."
"Как редактировать выплату?","Если вы допустили ошибку в выплате, то можете ее отредактировать, пока она находится на этапе подтверждения или оплаты. Если вы обнаружили ошибку до подтверждения выплаты: Войдите в раздел «Выплаты». В открывшемся окне перейдите в раздел «Подтвердить». Найдите нужную выплату и нажмите на нее. Открывшееся окно промотайте вниз и нажмите на кнопку «Редактировать». Исправьте неверную информацию и нажмите на кнопку «Сохранить». Выплата после этого все так же будет находиться на этапе подтверждения. Если вы обнаружили ошибку в выплате после подтверждения, то можете отредактировать ее до оплаты, иначе после оплаты она будет перемещена в раздел «Выплаты с ошибкой». Чтобы отредактировать выплату после подтверждения: Перейдите в раздел «Выплаты». В открывшемся окне перейдите в раздел «Оплатить». Найдите нужную выплату и нажмите на нее. Открывшееся окно промотайте вниз и нажмите на кнопку «Редактировать». Исправьте неверную информацию и нажмите на кнопку «Сохранить». Выплата после этого переместится в раздел «Подтвердить» и будет ждать подтверждения. Как подтвердить выплату"
"Как подтвердить выплату?","Чтобы осуществить выплату после ее создания, надо подтвердить ее и провести оплату. После создания выплаты она автоматически переходит в раздел «Подтвердить». Чтобы подтвердить выплату: Войдите в раздел «Выплаты». В открывшемся окне перейдите в раздел «Подтвердить». Найдите нужную выплату и нажмите на нее. В открывшемся окне нажмите на кнопку «Подтвердить и оплатить». Вы можете подтвердить сразу несколько выплат. Для этого: В разделе «Выплаты» → «Подтвердить» отметьте чекбоксы всех нужных выплат. Нажмите кнопку «Подтвердить и оплатить»."
"Как повторить выплату с ошибкой?","Это можно сделать в личном кабинете Jump.Finance: Перейдите в раздел «Выплаты». Откройте подраздел «Ошибка выплаты». Нажмите на интересующую вас выплату → «Повторить». Если вы обнаружили ошибку в выплате, нажмите «Редактировать». Как редактировать выплату"
"Как получить чек по выплате?","Чтобы у вас были чеки, вам необходимо интегрировать систему с кассой АТОЛ. Как настроить интеграцию с кассой АТОЛ Получить чек по выплате можно в личном кабинете Jump.Finance: Войдите в раздел «Выплаты». В открывшемся окне перейдите в раздел «Оплаченные». Найдите нужную вам выплату. Нажмите на иконку чека. Введите код с картинки → «Проверить»."
"Как повторить отмененную выплату?","Это можно сделать в личном кабинете Jump.Finance: Перейдите в раздел «Выплаты». Откройте подраздел «Отмененные». Выберите выплату. В открывшемся окне нажмите «Скопировать как новую». Выплата будет скопирована как новая с данными, которые уже были введены."
"Как скопировать выплату как новую?","Если вам необходимо повторить выплату, которая уже была, вы можете скопировать ее как новую. Копировать выплату как новую можно из разделов «Подтвердить», «Оплатить», «Оплаченные». Чтобы это сделать: Перейдите в раздел, где находится выплата, которую вы хотите скопировать как новую. Нажмите на эту выплату. В открывшемся окне нажмите на кнопку «Еще…». Выберите «Скопировать как новую»."
"Как отменить выплату?","Вы можете отменить выплату из разделов «Подтвердить», «Оплатить», «Ошибка выплаты». Чтобы это сделать: Перейдите в раздел, где находится выплата, которую вы хотите отменить. Нажмите на эту выплату. В открывшемся окне нажмите на кнопку «Еще…». Выберите «Отменить выплату»."
"Как занести получателя в базу?","При создании выплаты, получатель которой ранее не был занесен в систему, он будет автоматически добавлен в базу. Вы сможете найти список всех получателей, перейдя в раздел «Получатели». Если вы хотите добавить получателя заранее, можете внести его в базу: Войдите в раздел «Получатели». Нажмите на «+» в верхней части экрана. Введите номер телефона нового получателя. Внесите данные получателя: ФИО; правовой статус; ИНН; юрлицо. Нажмите на кнопку «Добавить»."
"Как найти историю выплат получателю?","Это можно сделать в личном кабинете Jump.Finance: Войдите в раздел «Получатели». Найдите интересующего вас получателя. Для этого вы можете воспользоваться строкой поиска. Чтобы открыть строку поиска, необходимо нажать на лупу. Нажмите на нужного вам пользователя. В открывшемся окне в подразделе «Выплаты» будет история выплат этому получателю."
"Как найти реквизиты получателя?","Это можно сделать в личном кабинете Jump.Finance: Войдите в раздел «Получатели». Найдите интересующего вас получателя. Для этого вы можете воспользоваться строкой поиска. Чтобы открыть строку поиска, необходимо нажать на лупу. Нажмите на нужного вам пользователя. В открывшемся окне в подразделе «Реквизиты» будут реквизиты этого получателя."
"Как найти файлы получателя?","Это можно сделать в личном кабинете Jump.Finance: Войдите в раздел «Получатели». Найдите интересующего вас получателя. Для этого вы можете воспользоваться строкой поиска. Чтобы открыть строку поиска, необходимо нажать на лупу. Нажмите на нужного вам пользователя. В открывшемся окне в подразделе «Файлы» будут файлы этого получателя."
"Как получить список всех получателей?","Это можно сделать в личном кабинете Jump.Finance: Войдите в раздел «Получатели». Нажмите на многоточие. В открывшемся окне нажмите на кнопку «Экспорт». Данные обо всех получателях скачаются на ваше устройство в формате XML."
"Что такое «Акты»?","В этом разделе можно создавать ПСА, также в нем отображены уже созданные акты. Для удобства просмотра в списке предусмотрены следующие поля: номер акта (со ссылкой на документ); дата акта; получатель (со ссылкой на профиль); сумма; ЮЛ и филиал; выплата (со ссылкой на карточку выплаты); статус выплаты."
"Как создать и оплатить акт?","Это можно сделать в личном кабинете Jump.Finance: Откройте «Акты» в главном меню → «Создать». Если вы уже отправляли акт получателю, в поле «Получатель» введите имя или номер телефона → «Дальше» и переходите к следующему шагу. Если нет, добавьте получателя. В поле «Получатель» введите номер телефона получателя, заполните все поля → «Дальше». Для граждан РФ это можно сделать с помощью распознавания фото. Для этого нажмите «Заполнить из фото» и загрузите страницы с ФИО и регистрацией. Можете добавить только одно фото, а остальное ввести вручную. Готово! Вы добавили получателя и теперь можете создать акт. Заполните форму акта: добавьте данные юрлица, выберите единицы измерения массы лома и укажите его параметры → «Создать». Чтобы оплатить сформированный акт, нажмите «Оплатить», заполните поля → «Оплатить». В разделе «Акты» напротив соответствующего акта появится статус выплаты: «Оплачено», «Нужно подтверждение», «Ошибка выплаты» или «Отменена». Что означают статусы выплат"
"Как проверить паспорт получателя?","Это можно сделать при создании акта в личном кабинете Jump.Finance. Так вы поймете, что перед вами, возможно, мошенник и ему не стоит переводить деньги. Для этого: Нажмите «Акты» в главном меню → «Создать». В поле «Получатель» введите номер телефона получателя. Заполните паспортные данные вручную или нажмите «Заполнить из фото», чтобы загрузить изображение документа. Распознать по фото сможем только паспорта РФ. Нажмите «Проверить паспорт по базам МВД». Проверка займет меньше минуты. Мы посмотрим, не вышел ли срок действия паспорта и нет ли его в черных списках Федеральной службы по финансовому мониторингу и других базах. А затем покажем статус проверки и подскажем, что делать дальше. Если с паспортом все в порядке, можете продолжить создание акта по инструкции."
"Как скачать акты?","Это можно сделать с телефона и компьютера в личном кабинете Jump.Finance: Откройте «Акты» и нажмите на три точки → «Экспортировать» на телефоне или иконку стрелки на компьютере. Выберите период, за который нужно скачать акты, компанию и формат: xlsx, если хотите скачать акты в формате журнала; zip‑архив, если вам нужны отдельные файлы с актами. Нажмите «Экспортировать». Готово! Вы скачали акты."
"Как настроить права пользователей для актов?","Вы можете выдать своим сотрудникам различные права для актов. Для этого необходимо перейти в «Настройки» → «Пользователи», пролистать страницу вниз. Там есть два варианта: «Создание акта» — если у пользователя включен этот вариант, он может создавать акты. «Просмотр актов» — если у пользователя включен этот вариант, он может просматривать все акты."
"Как отредактировать и удалить акт?","Вы можете редактировать и удалять все акты, кроме тех, по которым уже есть выплаты со статусами «Оплаченные» и «В обработке». Для этого в личном кабинете Jump.Finance откройте «Акты», нажмите на три точки около нужного акта → «Редактировать» или «Удалить». Как найти нужную выплату Если вы отредактируете или удалите акт, выплата по нему получит статус «Отменена»."
"Как добавить пользователя в личный кабинет?","Это можно сделать в личном кабинете Jump.Finance: Войдите в раздел «Настройки» → «Пользователи» и нажмите «+» в правой части экрана. Введите информацию о пользователе: имя; номер телефона; эл. почту; пароль. Нажмите на кнопку «Добавить»."
"Как настроить права пользователя в личном кабинете?","В этом разделе мы расскажем о возможностях ограничить доступ к действиям в личном кабинете пользователя: Если ваша компания обладает несколькими юрлицами, то вы можете ограничить доступ сотрудников, которые будут работать с ними. Чтобы настроить возможность сотрудника действовать в рамках конкретного юрлица: Перейдите в раздел «Настройки» → «Пользователи». Найдите необходимого вам сотрудника и нажмите на него. В открывшемся окне вы увидите раздел «Доступ к юрлицам». Включив тумблер напротив юрлица, вы дадите доступ к нему этому сотруднику. Если у пользователя есть доступ к юрлицу, то у него будет доступ к филиалам, которые привязаны к этому юрлицу. Чтобы изменить доступ к филиалам: Перейдите в раздел «Настройки» → «Пользователи». Найдите необходимого вам сотрудника и нажмите на него. В открывшемся окне вы увидите раздел «Доступ к юрлицам». Если у юрлица есть филиалы, под ним будет кнопка «Изменить», нажмите на нее. Откроется список филиалов этого юрлица. Выберите филиалы, к которым вы хотите дать доступ этому пользователю, и нажмите «Сохранить». Чтобы настроить возможность сотрудника осуществлять конкретные действия: Перейдите в раздел «Настройки» → «Пользователи». Найдите необходимого вам сотрудника и нажмите на него. В открывшемся окне вы увидите раздел «Права пользователя». Сводка Если вы включаете тумблер в этом разделе, сотрудник увидит раздел «Сводка». То есть он будет иметь доступ к следующей информации: количество выплат за период; динамика выплат за период; лимиты на счет. Получатели Если вы включаете тумблер в этом разделе, сотрудник получит доступ к следующим действиям в разделе «Получатели»: просмотр; редактирование данных; экспорт. Выплаты Если вы включаете тумблер в этом разделе, сотрудник получит доступ к следующим действиям в разделе «Выплаты»: просмотр всех выплат; создание выплат; подтверждение выплат; оплата; просмотр своих выплат; импорт; экспорт. Отчеты При включении этого тумблера пользователь сможет просматривать отчеты. Интеграции В настройках личного кабинета вы можете настроить интеграции с 1С и OpenApi для вашего удобства: просмотр; редактирование. Настройка Если вы включаете тумблер в этом разделе, сотрудник получит доступ к следующим действиям в разделе «Настройка»: редактирование настроек системы; просмотр пользователей; редактирование пользователей; редактирование юрлиц и отделов; просмотр банковских счетов; редактирование банковских счетов."
"Как добавить юрлицо?","Чтобы добавить юрлицо в личный кабинет: Перейдите в раздел «Настройки» → «Общие» → «Юрлица и отделы». Нажмите на кнопку «+Добавить» в правом верхнем углу. Введите ИНН нового юрлица. Введите информацию о юрлице: КПП (этот пункт заполняется только для ЮЛ); ОГРН/ОГРНИП; дату ОГРН; город; название; адрес; должность руководителя (этот пункт заполняется только для ЮЛ); ФИО. Нажмите кнопку «Добавить»."
"Как добавить должность?","Чтобы добавить должность в личный кабинет: Перейдите в раздел «Настройки» → «Общие» → «Должности». Нажмите на кнопку «+» в правом верхнем углу. Введите название должности и нажмите на кнопку «Добавить». Вы также можете редактировать название должности, для этого: Перейдите в раздел «Настройки» → «Общие» → «Должности». Наведите на должность, которую вы хотите редактировать. Нажмите на иконку карандаша, которая появится справа от должности. Внесите изменения. Вы можете удалить должность. Для этого: Перейдите в раздел «Настройки» → «Общие» → «Должности». Наведите на должность, которую вы хотите удалить. Нажмите на иконку мусорного ведра, которая появится справа от должности."
"Как настроить банковские счета?","Вы можете включить определенные расчетные счета для юрлица. Чтобы добавить банковский счет в личном кабинете и включить его для юрлица, вам необходимо перейти в раздел «Настройки» → «Счета». Там вы сможете увидеть список счетов для расчета с получателем. Также там будет видна информация о счете, а именно: название; баланс; банк; юрлицо; лимит для счета на месяц; лимит для карты на месяц; лимит на одну выплату. Чтобы добавить новый счет: Перейдите в раздел «Настройки» → «Счета». Нажмите на «+» в правом верхнем углу. В открывшемся меню введите информацию о счете. Привяжите этот счет к нужному юрлицу. Нажмите на кнопку «Добавить». Теперь счет будет отражаться в списке счетов в этом разделе. Чтобы он был активен, убедитесь, что тумблер напротив него включен. Вы можете привязать несколько счетов к одному юрлицу. Вы можете отредактировать счет или удалить его, для этого: Наведите ваш курсор на нужный счет. Нажмите на карандаш для корректировки или на мусорное ведро для удаления счета."
"Как настроить интеграцию с 1C?","Зависит от вашего расширения Jump.Finance: расширение для 1С:Бухгалтерия 8. Инструкция и расширение ; расширение для 1С:Управление торговлей. Инструкция и расширение ; расширение для 1С:Комплексная автоматизация. Инструкция и расширение ; 1С:Фреш. Из 1С:Фреш откройте экран «Магазин расширений». Расширение опубликовано под именем Jump.Finance."
"Как настроить интеграцию с OpenApi?","Jump.Finance OpenApi — продукт, позволяющий вам организовать взаимодействие с сервисом Jump.Finance из своей системы. Возможности: управление юрлицами для работы с исполнителями через разные юридические лица и банковские счета; управление исполнителями; создание выплат и получение информации о выплатах; получение информации о банковских счетах. Инструкция"
"Как настроить интеграцию с кассой АТОЛ?","Кассы привязываются к юрлицу, одновременно у юрлица может быть одна касса. Инструкция по регистрации и активации ККТ в личном кабинете АТОЛ Онлайн Обращаем ваше внимание, что мы работаем только со следующими ОФД: Платформа ОФД (ООО «Эвотор ОФД», ИНН 9715260691); Первый ОФД (АО «ЭСК», ИНН 7709364346); Такском ОФД."
"Как добавить филиалы?","Это можно сделать в личном кабинете Jump.Finance: Войдите в раздел «Настройки» → «Общие» → «Юрлица и филиалы» и выберите нужное юрлицо. Обратите внимание, что у одного юрлица может быть несколько филиалов. В открытом окне нажмите на «Добавить». Внесите информацию о филиале и нажмите на «Добавить». Теперь филиал отображается в юрлице, куда вы его добавили. Как редактировать филиал"
"Как отключить или удалить филиал?","Если вы больше не используете филиал или он закрылся на время, вы можете отключить или удалить его. Отключение филиала: Войдите в раздел «Настройки» → «Общие» → «Юрлица и филиалы» и нажмите на юрлицо, филиал которого вы хотите отключить. Переведите тумблер в неактивное положение (он станет серого цвета). Чтобы снова включить филиал, просто переведите тумблер в активное положение (он станет желтым). Удаление филиала: Войдите в раздел «Настройки» → «Общие» → «Юрлица и филиалы» и нажмите на юрлицо, филиал которого вы хотите удалить. Найдите нужный филиал и нажмите на значок мусорного ведра."
"Как редактировать филиал?","Это можно сделать в личном кабинете Jump.Finance: Войдите в раздел «Настройки» → «Общие» → «Юрлица и филиалы» и нажмите на юрлицо, филиал которого вы хотите отредактировать. Найдите нужный филиал и нажмите на значок карандаша."
"Что такое сервис Tinkoff ID и какие у него возможности?","Tinkoff ID помогает привлекать больше пользователей и увеличивать конверсию в заявку. Пользователями могут быть обычные покупатели, ИП или представители ООО. Подробнее о Tinkoff ID Физлицам не обязательно быть клиентами Тинькофф, чтобы входить по Tinkoff ID. Корпоративным пользователям нужно иметь счет в Тинькофф Бизнесе, чтобы входить по Tinkoff ID. Вот какие преимущества есть у Tinkoff ID. Быстрый вход на ваш сайт или в приложение. Пользователям не нужно регистрироваться и запоминать пароль: вход происходит по номеру телефона или через мобильное приложение Тинькофф. Актуальные данные. Вы получаете данные, которыми пользователь согласен поделиться при входе, например имя, фамилию, телефон, электронную почту. Если пользователь их изменил через Тинькофф, они автоматически обновятся у вас. Фильтр от мошенников и ботов. К вам попадают только настоящие пользователи с актуальными данными."
"Что такое сервис Tinkoff ID для юридических лиц и какие у него возможности?","Tinkoff ID для юридических лиц упрощает работу с партнерами — ИП и представителями ООО. Вот какие преимущества есть у Tinkoff ID для юрлиц. Быстрый вход на ваш сайт или в приложение. Партнер входит по номеру телефона или через мобильное приложение Тинькофф. Актуальные данные партнера. Вы получаете данные, которыми партнер согласен поделиться при входе, например ИНН, КПП, реквизиты расчетного счета, юридический и фактический адрес. Импорт данных партнера. Они загружаются в ваши программы, например CRM‑систему, 1С, Контур. Это помогает автоматически выставить счет или создать платежное поручение."
"Чем отличается Tinkoff ID от Tinkoff ID для юрлиц?","Это один и тот же сервис, который упрощает вход на ваш сайт и в приложение. Разница в том, кто к вам входит. Клиенты-физлица входят с Tinkoff ID. Для этого не обязательно быть клиентами Тинькофф — достаточно ввести свой номер телефона. Партнеры — ИП и представители ООО — входят с Tinkoff ID для юрлиц. У них должен быть открыт расчетный счет в Тинькофф Бизнесе."
"В каких случаях подходит Tinkoff ID?","Tinkoff ID подходит для сайтов и приложений с личным кабинетом пользователя — это может быть авиакомпания, маркетплейс, небольшой магазин или любой другой сервис."
"Как пользователи входят на сайт или в приложение с Tinkoff ID?","С помощью Tinkoff ID легко входить на сайт или в приложение. Входить могут обычные и корпоративные пользователи — ИП и представители ООО. Физлица входят через Tinkoff ID. Чтобы входить на сайты и приложения, не обязательно быть клиентом Тинькофф — достаточно указать номер телефона. Зачем физлицам входить на сайты и в приложения с Tinkoff ID Корпоративные пользователи входят через Tinkoff ID для юрлиц и должны иметь расчетный счет в Тинькофф Бизнесе. Порядок входа одинаковый для всех. Нажимает на кнопку «Войти с Тинькофф» и вводит номер телефона. Подтверждает вход по СМС. Если у пользователя нет счета в Тинькофф, вы можете попросить его ввести дополнительные данные, например эл. почту. После этого пользователь входит на сайт, его данные автоматически сохраняются в профиле. Если дополнительные данные не нужны, пользователь входит на сайт сразу после подтверждения телефона. Если пользователь — клиент Тинькофф, он видит окно со списком данных, которые получит сайт, и соглашается на передачу данных. После этого пользователь возвращается авторизованным на ваш сайт, его данные автоматически сохраняются в профиле. Если у пользователя нет счета в Тинькофф: нажимает на кнопку «Войти с Тинькофф», вводит номер телефона и подтверждает его по СМС. Если пользователь — клиент Тинькофф: нажимает на кнопку «Войти с Тинькофф», затем подтверждает вход через мобильное приложение Тинькофф — по коду, отпечатку пальца или Face ID. Если у пользователя нет счета в Тинькофф: приложение может запросить дополнительные данные, например эл. почту. После этого пользователь входит в приложение, его данные автоматически сохраняются в профиле. Если дополнительные данные не нужны, авторизация происходит сразу после подтверждения телефона. Если пользователь — клиент Тинькофф: он видит окно со списком данных, которые получит приложение, и соглашается на передачу данных. После этого пользователь входит в приложение, его данные автоматически сохраняются в профиле."
"Какие персональные данные можно получить о пользователе?","Если пользователь — клиент Тинькофф, вы можете получить имя, фамилию, телефон, почту, ИНН и другие данные, но только после согласия пользователя. Пользователь видит при входе, какими данными он делится. Какие данные пользователя получает сайт или приложение Если пользователь — не клиент Тинькофф, но входит через Tinkoff ID, вы получаете проверенный номер мобильного телефона пользователя."
"Куда клиент может войти с Tinkoff ID?","Есть два сценария, куда клиент может заходить с Tinkoff ID: На ваш сайт. Клиент подтверждает вход через сайт Тинькофф, соглашается передать данные, автоматически возвращается на ваш сайт. Как клиент заходит на сайт с Tinkoff ID В ваше мобильное приложение. Клиент подтверждает вход через мобильное приложение Тинькофф, соглашается передать данные и автоматически возвращается в ваше приложение. Как клиент заходит в приложение с Tinkoff ID"
"Каковы преимущества Tinkoff ID, если мои клиенты — физлица?","Преимущества Tinkoff ID, если ваши клиенты — физлица: Надежная верификация. Подтверждаем личность каждого клиента — к вам не попадут мошенники и боты. Легкая авторизация и регистрация. Клиенту не нужно вводить логин и придумывать пароль. Все поля в формах заполняются автоматически. Удобная оплата: не нужно вводить реквизиты карты. Вы получаете счет в мобильное приложение Тинькофф и можете оплатить его в пару касаний. Актуальные данные. Вы можете выбрать, какие сведения о клиенте хотите узнать: имя, фамилию, телефон, почту, ИНН и другие. Партнерский подход. Помогаем вам персонализировать акции, узнавать предпочтения клиентов и повышать их лояльность. Удобное подключение. Tinkoff ID работает с сайтами и мобильными приложениями. Даем документацию для ваших разработчиков и предоставляем поддержку. Если в вашей компании нет разработчиков, наши партнеры помогут подключиться."
"Где найти документацию и стайлгайды для подключения Tinkoff ID?","Вы найдете документацию и стайлгайды на странице «Интеграция с Tinkoff ID»."
"Нужен ли разработчик для подключения Tinkoff ID?","Да, чтобы подключить Tinkoff ID, нужна помощь разработчика. Если у вас нет разработчика, наши партнеры помогут подключиться. Напишите нам на почту tinkoff_id@tinkoff.ru, и мы дадим контакты партнеров по подключению Tinkoff ID."
"Как долго подключать Tinkoff ID?","Подключение занимает от нескольких дней до нескольких недель — точнее скажет разработчик, который будет помогать с настройкой."
"Для чего нужна бизнес-карта?","Бизнес-карта — это обычная дебетовая банковская карта, которая привязана к расчетному счету ИП или юридического лица. Для работы с бизнес-картой не нужно открывать отдельный счет, переводить на него деньги или поддерживать неснижаемый остаток. Где и как снять наличные и какая комиссия С бизнес-картой пользоваться расчетным счетом проще и удобнее. Вы можете: оплачивать покупки офлайн и онлайн; снимать наличные с рублевой бизнес-карты в рублях на территории России, с валютной бизнес-карты «Мир» — в валюте за границей; Список стран, где принимают бизнес-карту «Мир» делать переводы; выдавать бизнес-карту сотрудникам для корпоративных покупок или командировок; устанавливать лимиты трат в приложении и личном кабинете Тинькофф Бизнеса; подключить бизнес-карту в приложении «Мой налог» для автоматической уплаты налогов. Рублевая бизнес-карта привязана к расчетному счету в рублях, валютная — к валютному. Покупки по ней сразу отображаются в выписке по счету и в ленте операций в приложении и личном кабинете Тинькофф Бизнеса."
"Какие бывают бизнес-карты?","Бизнес-карту можно выпустить пластиковой или виртуальной . Виртуальная бизнес-карта — это аналог обычной карты, но она не выпускается на пластиковом носителе. Все реквизиты — номер, срок действия, CVC‑код и счет — хранятся в личном кабинете и приложении. Как получить виртуальную бизнес-карту Ее можно открыть в рублях или в валюте . Рублевая бизнес-карта выпускается к рублевому счету, а валютная — в той валюте, в которой открыт счет. Как выпустить валютную бизнес-карту Мы выпускаем карты в платежной системе «Мир». В России рублевые бизнес-карты продолжают работать, но недоступна оплата через Apple Pay и Google Pay. За границей оплачивать покупки и снимать валюту можно только с помощью бизнес-карты «Мир». Такие карты принимают в некоторых странах, например в Абхазии, Беларуси и Казахстане. В конкретной стране «Мир» обслуживают не все банки, а значит карты принимают не во всех банкоматах и не во всех магазинах. Перед поездкой постарайтесь снять наличные и взять их с собой — так будет надежнее. Список стран, где принимают карты «Мир»"
"Кто может быть владельцем карты?","Любой сотрудник компании. Пользоваться картой может только человек, чье имя на ней указано, передавать карту коллеге нельзя."
"Сколько стоит выпустить бизнес-карту?","Бизнес-карту можно получить бесплатно. Количество бесплатных пластиковых карт зависит от тарифа."
"Сколько стоит обслуживание бизнес-карты?","Обслуживание любого количества пластиковых или виртуальных бизнес‑карт — бесплатное. Если на тарифе «Простой» оплачивать бизнес-картой покупки на сумму больше 150 000 ₽ в месяц, а на тарифе «Продвинутый» — больше 400 000 ₽, в следующем месяце обслуживание расчетного счета на этом же тарифе тоже будет бесплатным. Тарифы Тинькофф на РКО"
"Какой срок действия у бизнес-карты?","Срок действия всех бизнес‑карт Тинькофф одинаковый — 8 лет. Если у вашей бизнес-карты Visa или Mastercard истекает срок работы, перевыпуск не потребуется — мы автоматически увеличим срок их действия. При онлайн-оплате нужно указывать месяц и год, которые напечатаны на карте, даже если они уже прошли."
"Кто и как может выпустить бизнес-карту?","Выпустить бизнес-карту могут ЕИО Единоличный исполнительный орган, например директор и подписант — сотрудник с правом подписи. Как предоставить сотруднику право подписи ЕИО может выпускать пластиковые и виртуальные бизнес-карты, подписант — только пластиковые. Пластиковая бизнес-карта — это обычная карта на физическом носителе, ее привозит представитель банка. Виртуальная бизнес-карта существует только в цифровом виде, зато ей можно пользоваться сразу. Как начать пользоваться бизнес-картой Выпустить бизнес-карту себе можно в мобильном приложении или личном кабинете Тинькофф Бизнеса: Внизу главного экрана нажмите «Открыть новый продукт» → «Выпустить карту». Выберите счет, к которому хотите выпустить бизнес-карту. Выберите «Мне». Выберите тип карты: пластиковую или виртуальную. Выберите платежную систему «Мир». Выберите «Выпустить». На главной странице выберите счет, к которому хотите выпустить бизнес-карту. Нажмите на значок плюса. Выберите тип карты: пластиковую или виртуальную. Выберите платежную систему «Мир». Выберите «Выпустить». Если вы хотите выпустить бизнес-карту другому сотруднику, напишите в чат поддержки Тинькофф Бизнеса или позвоните по телефону 8 800 700‑66‑66 ."
"Кто может пользоваться бизнес-картой?","Пользоваться бизнес-картой может только человек, на которого она выпущена. Если у вас есть сотрудник, который постоянно покупает канцтовары, оплачивает представительские расходы или ездит в командировки, оформите дополнительную бизнес-карту на его имя. Обслуживание любого количества бизнес‑карт бесплатное. Сколько стоит выпустить бизнес-карту Кто и как может выпустить бизнес-карту"
"Как начать пользоваться бизнес-картой?","Процесс различается в зависимости от вида карты и от того, на кого она выпущена, — на ЕИО Единоличный исполнительный орган, например директор или сотрудника. Виртуальной бизнес-картой можно пользоваться сразу после оформления — ее не нужно активировать. Как платить виртуальной картой Пластиковую карту сначала надо получить на встрече с представителем. Карту сотрудника нужно активировать, для любой бизнес-карты — установить пин‑код. Если бизнес-карта выпущена для ЕИО, без установки пин‑кода можно только платить по реквизитам карты или делать переводы. Как установить пин‑код: в мобильном приложении на главном экране нажмите на карту → «Действия» → «Управлять пин‑кодом»; в личном кабинете зайдите на экран карты → «Действия с картой» → «Установить пин‑код». Если бизнес-карта выпущена для сотрудника, для ее активации ЕИО должен подписать заявку в мобильном приложении или личном кабинете — она называется «Заявка на выпуск карты»: в мобильном приложении на главном экране нажмите плашку «Подпишите документы» → выберите заявку на выпуск карты → «Подписать»; в личном кабинете нажмите плашку «Подпишите документы» → выберите заявку на выпуск карты → «Подписать». После этого сотрудник может платить бизнес-картой по реквизитам или делать переводы. Чтобы пользоваться картой в офлайн-магазинах или банкоматах, ЕИО нужно установить пин‑код. Если бизнес-карта не работает, напишите в чат поддержки."
"Как установить или изменить ПИН‑код бизнес-карты?","Это могут сделать только владельцы бизнес-карты — в мобильном приложении Тинькофф Бизнеса или личном кабинете на сайте tinkoff.ru: Нажмите на значок бизнес-карты около счета. Нажмите «Действия» → «Установить ПИН‑код» или «Изменить ПИН‑код». Введите новый ПИН‑код, нажмите «Установить» и введите код из СМС. Готово! ПИН‑код начнет действовать сразу. Нажмите на счет, к которому привязана бизнес-карта → «Карты». Найдите нужную и нажмите на ее значок. Нажмите «Действия с картой» → «Установить ПИН‑код» или «Изменить ПИН‑код». Введите новый ПИН‑код, нажмите «Установить» и введите код из СМС. Готово! ПИН‑код начнет действовать сразу."
"​​Что делать, если у меня не активировалась бизнес-карта?","Обратитесь в поддержку, чтобы вам помогли активировать карту. Напишите в чат или позвоните в банк: 8 800 700‑66‑66."
"Что делать, если бизнес-карта не работает?","Такое может быть в нескольких случаях. Ваши действия будут зависеть от причины:"
"Что можно оплачивать бизнес-картой?","Если у вас ИП, можете оплачивать покупки и для бизнеса, и для личных целей. Если у вас ООО, можете оплачивать покупки только для бизнеса — например, купить канцтовары, оплачивать представительские расходы, аренду офиса."
"Как снять деньги с бизнес-карты и какая комиссия?","В России с бизнес-карты можно снять только рубли через банкоматы Тинькофф, других банков и партнеров. Карта банкоматов Комиссия за снятие наличных с бизнес‑карт по тарифам Тинькофф Полные условия тарифов и комиссий Тинькофф Бизнеса На снятие наличных и переводы физлицам общий лимит. Если в расчетном периоде вы уже переводили деньги физлицам, а теперь решили снять наличные, нужно учесть обе суммы, чтобы рассчитать комиссию. Например, у вас Простой тариф. Вы совершили две операции: перевели физлицам 300 000 ₽ и сняли 200 000 ₽ с бизнес-карты. До 400 000 ₽ комиссия за переводы физлицам и снятие наличных — 1,5%. Лимит общий, и обе эти операции его расходуют. Вы уложились в лимит, когда переводили деньги: комиссия с 300 000 ₽ — 1,5% + 99 ₽ за операцию. Потом вы сняли 200 000 ₽: 100 000 ₽ из этой суммы укладываются в лимит, а 100 000 ₽ превышают его. Комиссия рассчитывается так: со 100 000 ₽ — 1,5%, с оставшихся 100 000 ₽ — 5% + 99 ₽ за операцию, так как после 400 000 ₽ включается новый лимит с повышенной комиссией. Таким образом, за переводы 300 000 ₽ физлицам и снятие 200 000 ₽ вы заплатите 11 198 ₽: 1,5% × 300 000 + 99 = 4599 ₽ — за перевод физлицам; 1,5% × 100 000 = 1500 ₽ — за снятие части наличных, которые укладываются в лимит 400 000 ₽; 5% × 100 000 + 99 = 5099 ₽ — за снятие наличных, которые превышают лимит 400 000 ₽. Валюту с бизнес-карты можно снять только за границей и только с бизнес-карты «Мир», которая привязана к вашему основному рублевому счету. «Мир» работает в некоторых странах, например в Абхазии, Беларуси и Казахстане. В конкретной стране карты «Мир» принимают не все банкоматы, поэтому перед поездкой постарайтесь снять наличные в России и взять их с собой — так будет надежнее. Список стран, где принимают бизнес-карту «Мир» Конвертация будет по курсу Тинькофф. Комиссию за снятие возьмут оба банка: в банкомате которого снимаете деньги и Тинькофф — в зависимости от тарифа."
"Как пополнить бизнес-карту и какая комиссия?","Пополнить бизнес-карту можно через банкоматы Тинькофф и партнеров, инкассацию, переводом на бизнес-карту. Карта банкоматов Тинькофф и партнеров Пополнение расчетного счета по реквизитам и от физических, и от юридических лиц — бесплатное. В остальных случаях комиссия будет зависеть от тарифа. Все способы мы перечислили в таблицах. Комиссия за пополнение через банкоматы Тинькофф Комиссия за пополнение через банкоматы других банков и партнеров Комиссия за пополнение через перевод на бизнес-карту Полные условия тарифов и комиссий Тинькофф Бизнеса"
"Какие лимиты есть для бизнес-карты?","Для бизнес-карты есть три вида лимитов: на ежемесячные расходы; на снятие наличных в сутки; на категории покупок, на которые разрешено тратить деньги, — например, топливо или супермаркеты. Как установить категории покупок С лимитами на ежемесячные расходы и категории покупок вы можете контролировать сотрудников, чтобы они не потратили с карты больше или на личные нужды. Как настроить лимиты"
"Кто может управлять лимитами для бизнес-карты?","Управлять лимитами и категориями трат могут только подписант или ЕИО — единоличный исполнительный орган, например директор. Чтобы сделать сотрудника подписантом, надо предоставить ему право подписи в мобильном приложении или личном кабинете. Как предоставить сотруднику право подписи"
"Как установить лимиты для бизнес-карты?","Это можно сделать в мобильном приложении или личном кабинете Тинькофф Бизнеса: в мобильном приложении выберите нужную карту → нажмите «Настройка трат» → выберите, какие лимиты изменить; в личном кабинете выберите нужную карту → нажмите «Действия с картой» → «Настроить лимиты» или «Задать категорию трат»."
"Как заблокировать бизнес-карту?","Заблокировать бизнес-карту можно самостоятельно в любой момент в мобильном приложении или личном кабинете Тинькофф Бизнеса. Заблокированную карту нельзя разблокировать, можно только выпустить новую. Как выпустить бизнес-карту Чтобы заблокировать бизнес-карту в мобильном приложении: На главной странице выберите счет → «Бизнес-карты». Кликните по нужной карте → «Действия» → «Заблокировать». Укажите причину блокировки → «Заблокировать». Чтобы заблокировать бизнес-карту в личном кабинете: Откройте вкладку «Счета и платежи» на левой панели. Кликните по нужной карте → «Заблокировать карту». Укажите причину блокировки → «Заблокировать»."
"Что такое MCC‑коды и зачем они нужны?","MCC‑код — это четырехзначный номер, который обозначает, чем занимается компания, какие товары или услуги продает: продукты питания, авиабилеты, топливо, строительные материалы и другие. Он присваивается продавцу, когда магазин начинает принимать к оплате банковские карты. Банк использует MCC‑код, чтобы зачислять бонусы или кэшбэк, контролировать расчеты и устанавливать ограничения по картам. Вы можете использовать MCC‑коды, чтобы управлять расходами сотрудников по бизнес-картам. В личном кабинете можно ограничить категории товаров, за которые сотрудник может расплачиваться бизнес-картой."
"Как я могу проконтролировать сотрудников, чтобы они не тратили деньги с бизнес-карты на личные нужды?","Чтобы сотрудники не тратили деньги на личные нужды, можно установить в настройках бизнес-карты категории товаров, на которые разрешено тратить деньги. Как оформить бизнес-карту для нового сотрудника В информации о карте есть блок с кнопкой «Настроить траты». Например, если указать в настройках категорию «Топливо», сотрудник не сможет рассчитаться бизнес-картой нигде, кроме заправок."
"Платно ли настраиваются категории товаров, за которые сотрудник может расплатиться бизнес-картой?","Выбрать, какие категории покупок может оплачивать сотрудник по существующей бизнес-карте, — бесплатно. Закажите нужное количество карт для сотрудников сразу с открытием расчетного счета. Сколько стоит выпустить бизнес-карту"
"Какие виды покупок по карте я могу запретить?","Вы можете сами настроить траты сотрудников в личном кабинете — ограничить покупки по карте одной или несколькими категориями товаров. Карту можно сделать топливной, продуктовой или любой другой. Никакие другие покупки сотрудник оплачивать не сможет. В Тинькофф около 40 категорий продавцов. Самые популярные: супермаркеты, топливо, дом, ремонт, фастфуд, транспорт."
"Сколько категорий товаров можно установить для одной карты?","Для одной карты можно добавить любое количество категорий. Чем больше категорий установите, тем меньше ограничений будет у сотрудника."
"Как установить ограничения по виду покупок на карту?","Это можно сделать в мобильном приложении или личном кабинете Тинькофф Бизнеса: в мобильном приложении выберите нужную карту → нажмите «Настройка трат» → в разделе «Категории» выберите одну или несколько категорий товаров и услуг → нажмите «Установить категории»; в личном кабинете выберите нужную карту → нажмите «Действия с картой» → «Задать категорию трат»."
"Как установить одинаковые ограничения на несколько карт?","Чтобы установить одинаковые ограничения на несколько карт сразу, выберите карты из списка и нажмите «Настроить траты»: В окне отметьте категории, по которым сотрудники могут тратить деньги, и нажмите «Установить»: Категории, которые вы настроили, отобразятся в списке карт у выбранных сотрудников:"
"Как определить, какая категория у магазина, где я покупаю?","Названия категорий интуитивно понятны. Если сомневаетесь или сложно определить категорию магазина, где сотрудники регулярно делают покупки, обратитесь к справочнику MCC‑кодов. Справочник MCC‑кодов Если не нашли нужной категории или остались вопросы — обратитесь к своему персональному менеджеру в чате."
"Как снять ограничения по категориям товаров?","Чтобы удалить ограничения по категориям товаров, в списке выберите нужные карты с отмеченными категориями и нажмите «Удалить категории»:"
"Кто должен отчитываться о расходах по бизнес-карте?","Если вы ИП на УСН 6% без сотрудников , вам не нужно отчитываться о расходах по бизнес-карте. Деньги на расчетном счете — ваши личные, и вы вправе использовать их по своему усмотрению. Налоговая не будет проверять эти расходы. Если вы на УСН 15% , то вам нужно отчитаться по расходам, которые относятся к деятельности ИП. По этим расходам, даже если вы платите через бизнес-карту, должны быть подтверждающие документы: накладные, акты, чеки, бланки строгой отчетности. Если вы ООО или ИП с сотрудниками , то сотрудники отчитываются обо всех расходах по бизнес-карте. Для этого сотрудник оформляет авансовый отчет и собирает первичные документы о расходовании ."
"Как выдавать деньги сотрудникам на командировки или хозяйственные нужды компании?","Если регулярно поручаете сотруднику расходы, оформите бизнес-карту на его имя. Сотрудник не должен будет каждый раз писать заявление на выдачу ему денег: оплата или снятие наличных с бизнес-карты считается фактом выдачи денег под отчет."
"Обычно для выдачи денег под отчет сотрудник пишет заявление. Нужно ли оно, если у сотрудника бизнес-карта?","Нет. Деньги, полученные со счета карты, считаются выданными сотруднику под отчет без заявления. При этом он все равно должен отчитаться обо всех расходах по карте."
"Как сотрудники отчитываются о своих расходах по бизнес-карте?","Если сотрудник снял наличные или расплатился с бизнес-карты, то сумма расхода считается выданной ему под отчет. Сотрудник должен предоставить авансовый отчет и приложить подтверждающие документы: кассовые и товарные чеки, бланки строгой отчетности и прочее."
"Должен ли учредитель ООО отчитываться о своих расходах по бизнес-карте?","Да. Деньги организации принадлежат не ему, а организации. Поэтому учредитель отчитывается о расходах так же, как обычный сотрудник."
"Какие документы нужно оформить, чтобы выдавать деньги сотрудникам под отчет?","Утвердите список штатных и внештатных сотрудников, имеющих право получать подотчетные деньги. Список оформляется отдельным приказом руководителя или предпринимателя. Если у вас ООО , добавьте в учетную политику: возможность выдавать подотчетные деньги безналичным способом (перечислять на личные или зарплатные карты сотрудников); порядок расчетов с подотчетными лицами; возможность возвращать неиспользованные подотчетные суммы на расчетный счет организации. порядок расчетов с подотчетными лицами; возможность возвращать неиспользованные подотчетные суммы на расчетный счет организации. возможность возвращать неиспользованные подотчетные суммы на расчетный счет организации. Если вы ИП , сделайте внутренний приказ о выдаче подотчетных сумм, в том числе безналичным переводом."
"Как оформить авансовый отчет?","Сотрудник, получивший деньги, заполняет авансовый отчет по форме N AO-1 : Наименование организации — укажите полное название: например, ООО «Компания». Дата — когда составлен отчет. ФИО и должность — кому выданы деньги. Назначение аванса — например, хозяйственные нужды, командировка, приобретение материальных ценностей. Предыдущий аванс — укажите данные о предыдущей выданной сумме, если получали. Таблица «Бухгалтерская запись» — бухгалтер указывает бухгалтерские проводки, записывает номера счетов, на которых отражаются израсходованные суммы. Приложение — бухгалтер указывает количество документов, подтверждающих расходы сотрудника и количество листов. Отчет проверен — проверенная и утвержденная сумма израсходованных денег прописью. Кассовый ордер — можно не указывать, если все расходы сотрудник оплатил корпоративной картой. Под линией отреза — эту часть бухгалтер отдает сотруднику, от которого принял отчет. Документ — сотрудник указывает все документы, подтверждающие расходы: чеки, квитанции, билеты, товарные накладные. Дебет счета, субсчета — заполняет бухгалтер. К отчету прикладывают все документы, подтверждающие расходы: чеки из банкоматов о снятии и внесении наличных; накладные; кассовые и товарные чеки; бланки строгой отчетности; квитанции; и прочее. Сотрудник сдает отчет в бухгалтерию и получает расписку о получении (отрезную часть формы N АО-1). После того, как руководитель организации утвердил авансовый отчет, организация принимает на учет товары, работы или услуги, оплаченные подотчетным лицом. Бухгалтер оформляет проводку в бухгалтерском учете: «Дт 10 (08, 20, 26, 44) — Кт 71 Приняты к учету товары (работы, услуги), приобретенные подотчетным лицом»."
"Когда сотрудник должен сдать авансовый отчет?","В срок, установленный компанией или предпринимателем. Он устанавливается внутренним документом о выдаче денег под отчет или в каждом отдельном приказе. С 30.11.2020 по Указу ЦБ РФ отменен трехдневный срок сдачи авансового отчета."
"Если сотрудник снял наличные с бизнес-карты, а потом вернул ту же сумму, должен ли он предоставить авансовый отчет?","Нет."
"Что такое валютная бизнес-карта?","Это банковская карта, которая привязана к валютному счету компании или ИП. Обычно валютной бизнес-картой можно пользоваться за границей: оплачивать покупки прямо с расчетного счета, пополнять счет, снимать наличные. Ее удобно выдавать сотрудникам для командировок. В Тинькофф к валютному счету можно выпустить бизнес-карты платежной системы «Мир». С марта 2022 года валютные бизнес-карты Visa и Mastercard не работают. Валютные бизнес-карты «Мир» работают в некоторых странах, например в Абхазии, Беларуси и Казахстане. Карту «Мир» можно привязать к Mir Pay и оплачивать ей покупки с телефона. Платить картой «Мир» можно только в офлайн-магазинах, делать покупки через интернет не получится. В каких странах работает платежная система «Мир» Валютная бизнес-карта Тинькофф может быть пластиковой или виртуальной. Обслуживание всех валютных бизнес‑карт Тинькофф — бесплатное. Чем виртуальная бизнес-карта отличается от пластиковой Баланс валютной бизнес-карты привязан к валютному счету бизнеса. Перевести рублевую бизнес-карту в валютную нельзя."
"Как выпустить валютную бизнес-карту в Тинькофф?","Валютную бизнес-карту можно выпустить только к валютному счету Тинькофф Бизнеса — в той валюте, в которой открыт счет: долларах США, юанях и казахстанских тенге. Валютный счет можно открыть, если у вас есть рублевый расчетный счет для бизнеса. Как открыть валютный счет Выпустить бизнес-карту может генеральный директор или подписант — тот, у кого есть право подписи документов в компании. Чтобы это сделать, в приложении Тинькофф Бизнеса или личном кабинете нужно выбрать счет и оформить заявку на выпуск карты к нему. Как выпустить бизнес-карту При оформлении заявки нужно выбрать платежную систему «Мир», поскольку Visa и Mastercard, выпущенные российскими банками, с марта 2022 года за границей не работают. Чем виртуальная бизнес-карта отличается от пластиковой"
"Как в условиях ограничений работает валютная бизнес-карта?","Оплачивать покупки за границей можно с помощью бизнес-карты «Мир». Она работает в некоторых странах, например в Абхазии, Беларуси и Казахстане. В конкретной стране «Мир» обслуживают не все банки, а значит карты принимают не во всех банкоматах и не во всех магазинах. Перед поездкой постарайтесь снять наличные и взять их с собой — так будет надежнее. Список стран, где принимают карты «Мир» Снимать валюту с валютной бизнес-карты «Мир» не получится — только с рублевой, привязанной к вашему основному рублевому счету. Конвертация будет по курсу Тинькофф. Комиссию за снятие возьмут оба банка: в банкомате которого снимаете деньги и Тинькофф — в зависимости от тарифа. Полные условия тарифов и комиссий Тинькофф Бизнеса"
"Что такое виртуальная бизнес-карта?","Это аналог обычной бизнес-карты. Виртуальная карта тоже привязана к расчетному счету ИП или юридического лица, но существует только в цифровом виде — заказать к ней пластиковую карту с такими же реквизитами нельзя. Хранится виртуальная карта в мобильном приложении и личном кабинете Тинькофф Бизнеса. Это значит, что посторонние с меньшей вероятностью получат доступ к вашим деньгам. Чем виртуальная карта отличается от пластиковой"
"Зачем нужна виртуальная бизнес-карта?","Ее можно использовать как обычную дебетовую карту. Расплачиваться в интернете. Функциональность, как у обычной карты: можно разово указать ее реквизиты на сайте или привязать их для регулярных покупок. Это удобно, если магазин не вызывает доверия: чтобы не сообщать ему реквизиты основной карты, выпустите виртуальную карту, укажите ее реквизиты в магазине, а на самой карте установите лимит расходов, чтобы не списалось лишнее. Как настроить лимиты по бизнес-карте Расплачиваться бесконтактно в офлайн-магазинах. С марта 2022 для российских карт Visa и Mastercard недоступна оплата через Apple Pay и Google Pay. Чтобы расплачиваться бесконтактно, на устройствах с Android можно добавить бизнес-карту в приложение Mir Pay с помощью подсказок в приложении. Распределить расходы. С помощью разных карт можно распределить расходы — с одной оплачивать только транспорт, с другой — только аренду и коммунальные платежи. Так будет проще контролировать разные крупные статьи расходов. Использовать в командировках. Авиакомпании, отели, сервисы по прокату автомобилей могут заморозить на карте депозит за бронирование. Если вы укажете номер виртуальной карты, на которую установили лимит, сможете защитить себя от внезапно обнулившегося баланса. Как настроить лимиты по бизнес-карте С марта 2022 года российские карты Visa и Mastercard не работают за границей. В некоторых странах, например в Абхазии, Беларуси и Казахстане, оплачивать покупки можно только с помощью бизнес-карты «Мир». Карту можно привязать к Mir Pay и оплачивать ей покупки в офлайн-магазинах. Делать покупки в зарубежных интернет-магазинах не получится. В каких странах работает платежная система «Мир»"
"Сколько стоит обслуживание виртуальной бизнес-карты?","Выпуск и обслуживание виртуальной бизнес-карты — бесплатно. Как выпустить виртуальную бизнес-карту"
"Как выпустить виртуальную бизнес-карту?","Виртуальную бизнес-карту может выпустить только ЕИО Единоличный исполнительный орган, например директор . Выпустить бизнес-карту себе можно в мобильном приложении или личном кабинете Тинькофф Бизнеса: Внизу главного экрана нажмите «Открыть новый продукт» → «Выпустить карту». Выберите счет, к которому хотите выпустить бизнес-карту. Выберите «Мне» → «Виртуальная». Выберите платежную систему «Мир». Выберите «Выпустить бесплатно». Введите код из СМС или пуш‑уведомления. Готово! Вы выпустили виртуальную бизнес-карту и уже можете ей пользоваться. На главной выберите счет, к которому хотите выпустить бизнес-карту. Нажмите на значок плюса. Выберите тип карты: «Виртуальная». Выберите платежную систему «Мир». Выберите «Выпустить бесплатно». Введите код из СМС или пуш‑уведомления. Готово! Вы выпустили виртуальную бизнес-карту и уже можете ей пользоваться. Если вы хотите выпустить виртуальную бизнес-карту другому сотруднику, напишите в чат поддержки Тинькофф Бизнеса или позвоните по телефону 8 800 700‑66‑66 ."
"Как платить виртуальной бизнес-картой?","Платить виртуальной картой можно в интернете. Просто введите ее реквизиты — номер, срок действия, CVC‑код — на сайте магазина. Где посмотреть реквизиты виртуальной бизнес-карты Если хотите расплачиваться бесконтактно в офлайн-магазинах, добавьте карту в приложение Mir Pay с помощью подсказок в приложении. Приложение работает только на Android."
"Где посмотреть реквизиты виртуальной бизнес-карты?","Это можно сделать в мобильном приложении или личном кабинете Тинькофф Бизнеса: В мобильном приложении на главном экране кликните по карте → Действия → «Посмотреть реквизиты». В личном кабинете на главной странице кликните по карте → нажмите на кнопку «Реквизиты»."
"Как заблокировать виртуальную бизнес-карту?","Заблокировать виртуальную бизнес-карту можно самостоятельно в любой момент в мобильном приложении или личном кабинете Тинькофф Бизнеса. Заблокированную карту нельзя разблокировать, можно только выпустить новую. Как выпустить виртуальную бизнес-карту Чтобы заблокировать виртуальную бизнес-карту в мобильном приложении: На главной странице выберите счет → «Бизнес-карты». Кликните по нужной карте → «Действия» → «Заблокировать». Укажите причину блокировки → «Заблокировать». Чтобы заблокировать виртуальную бизнес-карту в личном кабинете: Откройте вкладку «Счета и платежи» на левой панели. Кликните по нужной карте → «Заблокировать карту». Укажите причину блокировки → «Заблокировать»."
"Что такое бизнес-копилка?","Бизнес-копилка — это дополнительный счет, на который можно автоматически перечислять процент с дохода компании на любые цели: на налоги, аренду, зарплату, оборудование и т. д. Вы сами определяете процент отчислений и счета, с которых хотите пополнять копилку, а мы автоматически перечисляем туда деньги. Например, вы хотите сразу откладывать 6% на налоги и 10% на новый служебный автомобиль. Для каждой цели можно открыть отдельную копилку. С помощью копилки удобно распределять доходы — не надо вручную переводить на разные счета, запоминать, сколько и куда перевести. Настраиваете копилку один раз, а дальше отчисления идут автоматически."
"Сколько стоит обслуживание копилки?","Вы не платите за копилки — неважно, сколько их у вас. Платить нужно только за обслуживание основного рублевого счета. Тарифы Тинькофф Бизнеса"
"Как открыть копилку?","Открыть бизнес-копилку можно в мобильном приложении Тинькофф Бизнеса. На главном экране мобильного приложения нажмите «Новый продукт» → «Открыть бизнес-копилку». Выберите счета, с которых планируете откладывать деньги. Список счетов можно будет изменить. Укажите, сколько хотите откладывать. Процент можно будет изменить в любой момент. Готово. Обычно открываем копилку за 5 минут, иногда — до дня. Когда откроем, пришлем уведомление."
"Как воспользоваться деньгами в копилке?","Копилкой можно пользоваться как обычным рублевым счетом. Например, можно заплатить налоги прямо из копилки, отправить деньги на депозит или перевести обратно на основной счет. Ко всем этим операциям применяются те же тарифы и лимиты, что и к основному счету. Тарифы Тинькофф Бизнеса"
"Сколько копилок я могу открыть?","Вы можете открыть любое количество копилок, чтобы откладывать на несколько целей сразу. Например, на уплату налогов и зарплаты сотрудникам."
"Как можно пополнять копилку?","Когда вы открываете копилку, то выставляете процент и указываете счета, с которых идут отчисления. Больше ничего не нужно делать — копилка пополняется автоматически. Еще вы всегда можете пополнить копилку вручную — на любую сумму и в любой момент, если есть необходимость. Зайдите в нужную копилку, нажмите «Пополнить», выберите счет, с которого хотите перевести деньги, и укажите сумму. Автоматические переводы в копилку можно приостановить, если выставить в настройках 0%. Когда снова захотите откладывать деньги, опять измените процент пополнения."
"С каких поступлений на счет пополняется копилка?","Деньги в копилку перечисляются только с дохода: платежей клиентов, поступлений с торгового и интернет-эквайринга, процентов с депозита или процента на остаток по счету. Если вы внесли на счет наличные, перевели между своими счетами или пришел возврат, процент с этих денег не перечисляется в копилку."
"Как изменить процент отчислений?","В мобильном приложении выберите нужную копилку, затем «Детали» → «Процент пополнения». В открывшемся окне укажите, сколько хотите откладывать. Можно указать от 0 до 100%. Вы можете поменять процент пополнения в любое время. Например, в начале месяца 20%, а в конце — 5%. В сумме на все копилки с одного счета должно переводиться не более 100%. Например, у вас 5 копилок и основной счет, с которого вы переводите 20% поступлений в каждую копилку. Если будете открывать шестую копилку, в нее уже нельзя будет делать отчисления с этого же счета — нужно будет указать другой или сначала поменять процент отчислений в другие копилки. Если больше не хотите пополнять копилку, поставьте 0% пополнения в настройках."
"Как изменить счета, с которых пополняется копилка?","В мобильном приложении выберите нужную копилку, затем «Детали» → «Счета пополнения». У вас откроется список счетов. Оставьте галочки только напротив тех счетов, с которых хотите откладывать. Если с одного счета у вас уже суммарно переводится 100% в другие копилки, вы не сможете выбрать его для пополнения еще одной. Пополнять копилку можно только с рублевых счетов. Переводить с валютного или спецсчета не получится."
"Как переименовать копилку?","Найдите копилку в списке счетов, проведите по названию копилки влево — справа появится иконка редактирования. Нажмите на нее. Появится окно, где можно переименовать копилку. Введите любое название. Можно назвать копилку в зависимости от цели накоплений, например «Аренда», «Налоги», «На ремонт». Копилку также можно переименовать в личном кабинете, как и обычный счет. Зайдите на страницу счета и выберите «Переименовать»."
"Где посмотреть выписку?","Баланс копилки и историю операций можно посмотреть в личном кабинете Тинькофф. На главной в «Действиях» нажмите «Выписки». На открывшейся странице выберите нужную копилку из списка счетов."
"Как отключить копилку?","Есть два способа приостановить автоматические перечисления в копилку. Обнулить процент пополнения. В мобильном приложении выберите нужную копилку → «Детали» → «Процент пополнения». Укажите, что в копилку будет перечисляться 0% от дохода. Очистить список счетов для пополнения. В мобильном приложении выберите нужную копилку → «Детали» → «Счета пополнения». Снимите галочки в списке счетов, с которых может пополняться копилка."
"Как закрыть копилку?","Самостоятельно закрыть копилку в личном кабинете или приложении Тинькофф Бизнеса не получится. Вам нужно обратиться в банк в чате или по телефону 8 800 600‑66‑66."
"Для чего юрлицам нужен брокерский счет?","С помощью брокерского счета компании могут совершать сделки на бирже и дополнительно получить возможность зарабатывать. Сейчас компаниям доступны только торговля облигациями и валютой по биржевому курсу, а также биржевой овернайт. Биржевой овернайт — это возможность разместить свободные деньги на одну ночь, 7, 14 или 30 дней, чтобы заработать на денежных остатках. Подробнее про торговлю валютой Подробнее про биржевой овернайт"
"Кто считается владельцем брокерского счета для бизнеса?","Брокерский счет открывает компания. Если она прекратит деятельность, брокерский счет будет закрыт."
"Как юрлицу получить возможность заработать на брокерском счете?","Воспользоваться биржевым овернайтом, то есть разместить свободные деньги на бирже. Овернайт работает так: размещаете деньги во время работы биржи — получаете назад с процентами на следующий торговый день либо через 7, 14 или 30 дней в зависимости от выставленного вами срока размещения денег. Подробнее про биржевой овернайт Торговать валютой и зарабатывать на курсовой разнице. Зачастую на бирже самый выгодный курс покупки и продажи валюты. Поэтому компании с брокерским счетом могут инвестировать свободные деньги в валюту, чтобы продать ее дороже в случае ослабления рубля. Подробнее про торговлю валютой"
"Могут ли работники компании совершать сделки по брокерскому счету для юрлиц?","Да, совершать операции по брокерскому счету может работник, у которого есть право подписи в личном кабинете Тинькофф Бизнеса и оформлена доверенность на управление брокерским счетом. Предоставить право подписи сотруднику можно через приложение или личный кабинет Тинькофф Бизнеса. Вот как это сделать Оформить доверенность на управление брокерским счетом можно там же — по инструкции."
"Застрахованы ли деньги на брокерском счете для юрлиц?","Нет, деньги на брокерском счете не застрахованы, в отличие от банковского вклада. Но при размещении денег на овернайте в сделке участвует Национальный клиринговый центр — центральный контрагент, который входит в группу компаний Московской биржи. Он обеспечивает исполнение обязательств. Насколько безопасен биржевой овернайт"
"Могут ли судебные приставы арестовать брокерский счет для бизнеса?","Да, по решению суда денежные средства на брокерском счете могут арестовать, как и на банковских счетах. Деньги с брокерского счета могут списывать в счет уплаты долга."
"Какая компания может открыть брокерский счет для юрлиц?","Брокерский счет для юрлиц могут открыть только компании — налоговые и валютные резиденты РФ. Это все российские компании, которые зарегистрированы и платят налоги в РФ. Открыть счет может только официальный руководитель компании — обычно это гендиректор. Кто не сможет открыть брокерский счет для юрлиц в Тинькофф: индивидуальные предприниматели; некоммерческие организации, например адвокатские бюро, благотворительные фонды, религиозные организации; компании из госсектора и финансовые компании, например страховые компании или банки; компании в процессе банкротства; компании, более 50% которых принадлежит иностранным юридическим или физическим лицам из недружественных стран (при условии что у такой компании нет статуса КИК). Подробнее про брокерские счета для нерезидентов"
"Какая минимальная сумма нужна для открытия брокерского счета для юрлиц?","Минимальной суммы нет. Можно просто открыть счет, а пополнить его позже в любое время."
"Какие документы нужны для открытия брокерского счета для юрлиц?","Документы обычно не нужны. Если вы уже клиент Тинькофф Бизнеса, у банка есть вся необходимая информация для открытия брокерского счета. Документы понадобятся, если недавно менялись данные в ЕГРЮЛ. В этом случае можем попросить прислать сканы — например, нового паспорта директора и устава компании. Если у вас еще нет расчетного счета в Тинькофф, понадобится паспорт директора, приказ о его назначении и устав ООО. Как открыть счет для бизнеса в Тинькофф Банке"
"Можно ли открыть несколько брокерских счетов для юрлиц?","Нет, можно открыть только один брокерский счет для компании."
"Могут ли юрлицу отказать в открытии брокерского счета и почему?","Да, брокерский счет могут открыть не все компании. Не сможем открыть счет компаниям из госсектора и финансов, например страховой компании или банку. Еще не откроем брокерский счет компаниям, находящимся в процессе банкротства."
"Может ли открыть брокерский счет юридическое лицо — нерезидент РФ?","Можем открыть брокерский счет компаниям-нерезидентам со статусом КИК и компаниям-нерезидентам, принадлежащим лицам из дружественных стран. Не можем открыть брокерский счет компаниям-нерезидентам, более 50% которых принадлежит иностранным юридическим или физическим лицам из недружественных стран — если у такой компании нет статуса КИК. КИК, контролируемые иностранные компании, — это статус иностранной компании, который присваивается Федеральной налоговой службой России. Чтобы получить статус КИК, владелец компании должен быть налоговым резидентом РФ. Подробнее о статусе КИК и его получении на сайте ФНС"
"Нужно ли отчитываться в ФНС об открытии брокерского счета?","Нет, в налоговом законодательстве нет такой обязанности, если брокерский счет открыт у российского брокера. Отчитываться в ФНС нужно только при открытии счетов за пределами России — часть 2 статьи 12 закона о валютном регулировании. Однако юрлицам нужно учитывать сделки на бирже в своем бухучете и платить налог с инвестиционных доходов. Кратко про налоги для юрлиц при инвестировании на бирже Тинькофф также не уведомляет налоговую об открытии брокерских счетов для юридических лиц, если у таких юридических лиц нет брокерской лицензии."
"Сколько стоит открыть брокерский счет для юрлиц?","Это бесплатно."
"Как долго открывается брокерский счет для юрлиц?","Обычно открываем счет в течение нескольких минут. Если подали заявку в нерабочее время биржи, то откроем брокерский счет, как только откроется биржа."
"Как открыть брокерский счет для юрлиц?","Если расчетный счет в Тинькофф уже есть , подайте заявку в мобильном приложении или личном кабинете Тинькофф Бизнеса: в приложении: на главной выберите «Открыть новый продукт» → «Открыть брокерский счет»; в личном кабинете: «Счета и платежи» → «Добавить новый» → «Брокерский счет». Если нет расчетного счета в Тинькофф , подайте заявку на открытие брокерского счета на сайте Тинькофф — сначала откроем расчетный счет. Затем подайте заявку на брокерский счет в мобильном приложении или в личном кабинете Тинькофф Бизнеса. Подробнее о том, как открыть счет для бизнеса в Тинькофф"
"По каким тарифам в Тинькофф обслуживаются брокерские счета для юрлиц?","Обслуживание брокерского счета для бизнеса бесплатное. Мы не берем плату за открытие счета, пополнение и вывод денег. Комиссия за размещение денег будет учтена при расчете ставки биржевого овернайта. Дополнительно ничего платить не нужно. Полные тарифы брокерского счета"
"Где можно увидеть баланс брокерского счета для бизнеса?","На главном экране приложения Тинькофф Бизнеса или личного кабинета под названием счета."
"Как пополнить брокерский счет для юрлиц?","С расчетного счета компании в приложении или личном кабинете Тинькофф Бизнеса: в приложении с главной перейдите на брокерский счет → нажмите «Пополнить» → выберите, с какого счета хотите пополнить брокерский → введите сумму → нажмите «Перевести»; в личном кабинете с главной страницы перейдите на брокерский счет, он находится в списке счетов слева → нажмите «Пополнить» → выберите, с какого счета хотите пополнить брокерский → введите сумму → нажмите «Пополнить»."
"С каких счетов можно пополнить брокерский счет для бизнеса?","Только с рублевых и юаневых расчетных счетов в Тинькофф. Пополнить брокерский счет с чужого расчетного счета или расчетного счета физического лица нельзя."
"В какой валюте можно пополнить брокерский счет для бизнеса?","Пополнить брокерский счет можно в рублях и юанях."
"Сколько времени занимает пополнение?","Перевод с расчетного счета Тинькофф на брокерский счет проходит не больше 15 минут."
"Какова минимальная и максимальная сумма пополнения?","Ограничений нет. На брокерский счет можно внести любую сумму, и она не учитывается в лимитах на переводы."
"Какую комиссию нужно заплатить за пополнение брокерского счета для юрлиц?","Мы не берем комиссию за пополнение брокерского счета для юрлиц."
"Как компания может покупать валюту на бирже через Тинькофф?","Покупать валюту можно в приложении или личном кабинете Тинькофф Бизнеса. На главном экране в списке счетов выберите «Брокерский счет» → «Инструменты для бизнеса» → «Валюты и металлы». Выберите нужную валюту → «Купить». Оформите заявку на покупку → снова «Купить». На главной странице в списке счетов выберите «Брокерский счет» → «Инструменты для бизнеса» → «Валюты и металлы». Выберите валюту → «Купить». Оформите заявку на покупку → снова «Купить». После покупки на экране появится подтверждение «Заявка исполнена». Валюта сразу поступит на ваш брокерский счет."
"Как компания может продавать валюту на бирже через Тинькофф?","Продавать валюту можно в приложении или личном кабинете Тинькофф Бизнеса. На главном экране в списке счетов выберите «Брокерский счет» → «Инструменты для бизнеса» → «Валюты и металлы». Выберите валюту → «Продать». Оформите заявку на продажу → снова «Продать». На главном экране в списке счетов выберите «Брокерский счет» → «Инструменты для бизнеса» → «Валюты и металлы». Выберите валюту → «Продать». Оформите заявку → снова «Продать». После продажи на экране появится подтверждение «Заявка исполнена». Деньги сразу поступят на ваш брокерский счет."
"Когда можно продавать и покупать валюту на бирже?","Время начала и окончания торговых операций для разных валют может различаться. Мосбиржа публикует актуальное расписание на своем сайте, на странице с временным регламентом проведения торгов. Обратите внимание, что расписание периодически меняется. Временной регламент проведения торгов на валютном рынке Начало торгового дня совпадает с началом валютных торгов на Московской бирже. За полчаса до конца работы биржи торги через Тинькофф останавливаются. По выходным и во время государственных праздников РФ биржа не работает и торговать валютой не получится."
"Какая комиссия при покупке и продаже валюты на бирже для компаний?","Единой комиссии, как у физлиц, нет. Для компаний есть возможность согласовать индивидуальные условия по биржевой конвертации. Сделать это можно через персонального менеджера в чате в приложении или личном кабинете Тинькофф Бизнеса. Текущую сумму комиссии за каждую конкретную операцию вы увидите во время оформления заявки."
"Как сделать бухгалтерские проводки при торговле валютой на бирже?","Проводки для бухгалтерского и налогового учета могут отличаться в зависимости от системы налогообложения вашей компании. Списки проводок можно посмотреть в отдельной инструкции по учету сделок покупки и продажи валюты на брокерском счете."
"Зачем юридическим лицам покупать облигации?","Облигации — это долговые ценные бумаги с фиксированной доходностью, которая зачастую больше доходности по депозитам. При этом облигации позволяют инвестировать деньги более гибко, чем депозиты и овернайты, так как вы сами можете выбирать облигацию по нужным вам характеристикам. Соотношение доходности и риска. Вы можете покупать надежные государственные облигации Государство считается самым надежным заемщиком. Российские государственные облигации называются облигациями федерального займа (ОФЗ) с доходностью примерно как у депозита, а можете приобретать облигации разных компаний — их называют корпоративными облигациями. Корпоративные облигации считаются более рисковыми, но и доходность по ним может быть намного выше: она зависит от надежности компании, выпустившей облигацию. Срок инвестирования. На рынке сотни облигаций с разными сроками погашения: от нескольких дней до десятилетий. Таким образом, в период высоких ставок вы можете зафиксировать высокую доходность на весь срок существования облигации. То есть доходность, которую вы увидите при покупке облигации с фиксированными купонами Купоны — регулярные денежные выплаты процентов по облигациям. Фиксированные или постоянные купоны означают, что сумму всех будущих выплат вы знаете заранее. А по облигациям с плавающим или переменным купоном размер выплат может меняться , сохранится и в будущем, даже если ставки по новым выпускам облигаций и депозитам к этому времени станут ниже. При этом даже долгосрочную облигацию можно продать до ее погашения: это можно сделать в любой рабочий день биржи. Разница лишь в том, что стоимость погашения облигации в конце ее срока вы знаете заранее — обычно это 1000 ₽. А стоимость продажи облигации до ее погашения может меняться в зависимости от спроса и предложения со стороны других инвесторов, торгующих на бирже. Так происходит, потому что погашение облигации — это возврат долга от эмитента держателю облигации, а продажа облигации до ее погашения — это перепродажа облигации другому инвестору. Дополнительные возможности. На бирже есть облигации с дополнительными характеристиками. Например, по некоторым облигациям сумма основного долга возвращается не в конце срока, а по частям вместе с выплатой процентов. Такие облигации называются облигациями с амортизацией. Кроме того, можно найти облигации, доходность которых привязана к другим финансовым показателям. Например, существует отдельный вид гособлигаций — ОФЗ‑ИН, которые помогают защититься от инфляции. Купонный доход по таким облигациям равен 2,5% от их номинальной стоимости. Но сама номинальная стоимость ежемесячно увеличивается на уровень инфляции. В конце срока ОФЗ‑ИН погашается как раз по этой увеличенной номинальной стоимости, что и позволяет защитить деньги от инфляции."
"Как купить или продать облигации?","Пока что юридические лица могут купить облигации только в личном кабинете Тинькофф Бизнеса — в будние дни с 10:00 до 18:00 по московскому времени. Уже работаем над добавлением возможности торговать облигациями и в приложении Тинькофф Бизнеса. Как купить: На главном экране личного кабинета в списке счетов выберите «Брокерский счет» → «Инструменты для бизнеса» → «Облигации». При необходимости выберите нужные вам фильтры по валюте облигации, наличию оферты У облигаций оферта означает возможность досрочного погашения облигации по решению эмитента. При этом в некоторых облигациях с офертой погашение для инвесторов добровольное, а в других — обязательное и типу купонной доходности → нажмите на нужную вам облигацию. Укажите количество лотов Лот — это минимальное количество бумаг, которое можно купить за одну сделку. В облигациях обычно один лот равен одной облигации → «Купить». После покупки на экране появится подтверждение: со счета спишут деньги, а облигация появится в вашем портфеле. Но фактически денежные расчеты по сделке и поставка облигации завершатся только на следующий рабочий день в 04:00 по московскому времени — это важно помнить при бухгалтерском учете. Как продать: на главном экране личного кабинета в списке счетов выберите «Брокерский счет» → опуститесь до перечня купленных облигаций и выберите нужную → «Продать» → укажите количество лотов → «Продать». При продаже облигации расчеты также проходят только на следующий рабочий день. Поэтому вывести деньги, полученные от продажи облигации, можно только после 04:00 по московскому времени следующего дня после продажи облигации. Что такое НКД при покупке и продаже облигации. НКД — это накопленный купонный доход, который покупатель облигации платит ее продавцу сверх цены облигации. НКД нужен, чтобы продавец облигации не потерял процентные выплаты за дни, которые он продержал облигацию. Например, каждые три месяца по облигации выплачиваются 30 ₽ купонного дохода. Если с момента последней выплаты прошел один месяц, то по облигации уже скопилась выплата 10 ₽. Если в этот момент продать облигацию, то эти 10 ₽ вам компенсирует ее покупатель. А он, в свою очередь, получит эти деньги во время ближайшей купонной выплаты. Подробнее про накопленный купонный доход"
"Какие облигации могут купить юрлица в Тинькофф?","Только облигации, которые Московская биржа отнесла к первому и второму котировальным спискам, обычно это облигации с хорошим кредитным рейтингом и высокой ликвидностью Ликвидность ценной бумаги — это характеристика, которая показывает, как быстро можно продать ценную бумагу, не снижая ее цену . Также есть ограничения по валюте: юридическим лицам можно покупать только облигации в рублях и юанях. Исключение: замещающие облигации, золотые облигации, структурные облигации и облигации со структурным доходом — они юридическим лицам пока недоступны."
"Кому доступна торговля облигациями?","Компаниям с брокерским счетом в Тинькофф, если учредитель и генеральный директор юридического лица — один и тот же человек. Если у компании сложная структура владения, то доступ к облигациям будет заблокирован. Это нужно, чтобы обезопасить компанию от ситуации, когда генеральный директор имеет возможность совершить убыточную сделку без уведомления совета директоров, акционеров или учредителей. Предоставьте актуальную версию устава своему менеджеру в чате Тинькофф Бизнеса. Если в уставе не будет ограничений на единоличное совершение сделок генеральным директором на определенную сумму, то доступ к облигациям разблокируют в течение двух рабочих дней после вашего обращения. Если в уставе будет такое ограничение, то нужно предоставить решение о снятии ограничений в рамках брокерского обслуживания для генерального директора. На этом решении должны быть подписи всех участников совета директоров и учредителей. Отправьте решение в виде отдельного документа своему менеджеру в чате Тинькофф Бизнеса. Нам понадобится оригинал документа, поэтому менеджер вызовет представителя, который заберет документ в удобном вам месте и в удобное время — это бесплатно."
"Какая комиссия за торговлю облигациями для юридических лиц?","Комиссия составляет 0,5% от суммы сделки покупки или продажи. Например, вы покупаете облигацию за 1000 ₽. Тогда со счета спишут 1000 ₽ за саму облигацию и комиссию: 1000 × 0,5% = 5 ₽. Если затем вы продадите эту облигацию за 1100 ₽, то деньги от продажи придут на счет и отдельной операцией будет списана комиссия: 1100 × 0,5% = 5,5 ₽. При выплате купонов и при погашении облигации комиссий нет. Также нет комиссий за пополнение брокерского счета или вывод денег. Как пополнить брокерский счет для бизнеса"
"Как вывести деньги с брокерского счета для юрлиц?","Это можно сделать в приложении Тинькофф Бизнеса или личном кабинете: на главной в списке счетов выберите брокерский счет → нажмите на кнопку «Вывести» → выберите счет, на который хотите перевести деньги → введите сумму, которую хотите вывести → нажмите на кнопку «Вывести»."
"На какой счет можно вывести деньги?","Деньги можно вывести только на расчетные счета своей компании в Тинькофф. Рубли — только на рублевый расчетный счет, юани — на юаневый. Как открыть счет в юанях"
"Можно ли вывести деньги на карту физлица?","Нет, вывести деньги можно только на расчетный счет своей компании в Тинькофф."
"В какое время можно вывести деньги?","Можно в любое время вывести деньги, которые не вложены в биржевые инструменты. Если деньги в овернайте, то вывести их можно будет только после окончания размещения — на следующий рабочий день."
"Можно ли вывести часть денег с брокерского счета?","Да, можно вывести любую доступную сумму. Она указана на главной странице счета в личном кабинете или приложении."
"Какую комиссию нужно заплатить за вывод денег с брокерского счета для юрлиц?","Мы не берем комиссию за вывод денег с брокерского счета."
"Как закрыть брокерский счет для юрлиц?","Закрыть брокерский счет можно через техническую поддержку Тинькофф: написать в чат или позвонить на горячую линию по телефону 8 800 700‑66‑66 ."
